incident_type,thread_id,title,series,ruling,reason,fault_a
Unsafe rejoin,u9rwqa,Unsafe re-entry ruins someone's race :(,,Rejoin Fault,Drivers on the racing surface have the right-of-way. You must wait for a clear gap before re-entering.,100
Unsafe rejoin,18vneqo,Is this unsafe rejoin reportable?,,Rejoin Fault,Hold your brakes and join safely when traffic has passed. Don't try to jump back into the race immediately,100
Divebomb / Late lunge,1ix851f,It was definitely a lunge but I’m unsure if it was illegal or not,,Overtaker Fault,"The car ahead was already turning in, and you had no significant overlap. At that point they have no obligation to leave you space.",90
Punt / Rear-end under braking,1hr86v2,I Am The White Acura That Get's Punted,,Overtaker Fault,Failed to brake in time or leave sufficient gap under braking.,90
Crowd-strike / Accordion effect,1pf9k5f,Is anyone to blame for this? was it preventable?,,Following Driver Fault,Did not anticipate braking chain reaction in a pack and rear-ended the car ahead.,95
Brake check / Brake test,1g5unky,2 Incidents on the same race both guys said I brake tested them,,Lead Driver Fault,Abrupt and unnecessary heavy braking with a car close behind to cause contact—classic brake check.,100
Brake check / Brake test,1jn8q28,Who's at fault? Did he brake-check me or was I not paying attention?,,Lead Driver Fault,No reason to brake that hard on a straight; intentional slowdown to punish or cause collision.,100
Brake check / Brake test,1ivciek,Brake check?,,Lead Driver Fault,Full brake application instead of lift—dangerous and avoidable.,95
Blocking / Weaving,1bpxnb0,Where is the line between weaving/ breaking tow and blocking?,,Defender Fault,More than one move per straight constitutes illegal blocking in most rulesets.,85
Blocking / Weaving,1lgzo31,Would this count as blocking even though there is little movement ?,,Defender Fault,Multiple direction changes to prevent overtake—reactionary weaving is blocking.,90
Blocking / Weaving,1nnbpue,Great defending or blocking?,,Defender Fault,Weaving excessively rather than one clean defensive move.,80
T1 chaos / Lap 1 pileup,1q1vf8a,Which driver(s) would give penalties to for this T1 chaos?,,Shared Fault / Racing Incident,Typical lap 1 over-optimism with insufficient space—multiple drivers diving without overlap.,50
T1 chaos / Lap 1 pileup,1jtfydg, T1 pile up. Who's at fault?,,Racing Incident,No single driver predominantly at fault; chain reaction from aggressive positioning on lap 1.,0
T1 chaos / Lap 1 pileup,1pvl9gq,Who is at fault? This created a massive pileup,,Primary Overtaker Fault,Optimistic dive into T1 with low overlap triggered the chain—survive lap 1 first.,75
Racing Incident / 50-50,1i3jwnj,Is this a brake check or just a racing incident?,,Racing Incident,Both drivers made reasonable moves that unfortunately collided—no clear predominant fault.,0
Racing Incident / 50-50,1pzutoq,I'm at fault for T1 but was the pit maneuver a racing incident?,,Racing Incident (for secondary contact),Contact resulted from normal wheel-to-wheel racing with shared responsibility.,0
Divebomb / Late lunge,1q5djrx,Stupid Divebomb? Or Racing Incident?,,Overtaker Fault,"Lined up and punted the car ahead with no overlap—classic divebomb/punt, not a racing incident.",95
Unsafe rejoin,1q3vck0,Is this my fault or is this an unsafe rejoin? I would appreciate if u guys could tell,,Rejoin Fault,"Rejoined without waiting for a clear gap, impeding on-track traffic.",100
Unsafe rejoin,1q54da7,Who is at fault??,,Rejoin Fault,Unsafe rejoin directly into the racing line—on-track drivers have priority.,100
Multiclass incident,1q4nnl2,I'm new to Multiclass Racing so i wanna know how is a fault here so I can avoid,,Shared Fault,"Faster class dove late; slower class could have left more room, but primary on diver.",70
Side-by-side contact,1pvg6jj,"Who's at fault, I'm the green/purple car on the outside",,Racing Incident,Typical side-by-side where both could have done more to avoid light contact.,0
Racing Incident / 50-50,1q5vpts,was this an racing incident?,,Racing Incident,Opponent misjudged braking but POV held line—no predominant fault.,0
Punt / Rear-end under braking,1q0y69v,Got shunted at the last turn of Lap 1 after previous contact. Thoughts?,,Following Driver Fault,Punted from several cars back with no overlap—aggressive and avoidable.,90
Blue flag incident,1q3p3ip,"Blue flag incident, corner exit – who's at fault?",,Lapped Driver Fault,Failed to yield properly to faster car on blue flags.,85
Racing Incident / 50-50,1q5o9zc,is anybody at fault? or just a racing incident? (im the ferrari),,Racing Incident,Minor contact in wheel-to-wheel with both giving room—no clear blame.,0
T1 chaos / Lap 1 pileup,1pxgi4f,"T1 lap 1 crazy 3 wide, whos at fault?",,Shared Fault / Racing Incident,Over-optimistic 3-wide into T1—survival instinct needed on lap 1.,50
Side-by-side contact,1q54jh9,Who is at fault here,,Racing Incident,McLaren turned in with overlap present—normal racing contact.,0
Divebomb / Late lunge,1q5fouq,Who's at fault? (im the aston martin),,Overtaker Fault,"Previous contact aside, aggressive move caused loss of podium positions.",80
Blocking / Weaving,1q3bj68,Who's at fault here? I feel like I left him enough space but he went for a non,,Defender Fault,Multiple moves or squeezing without leaving space—illegal blocking.,85
Brake check / Brake test,1q1v7fe,who's at fault? Here was my driving unpredictable and did I break too,,Lead Driver Fault,Abrupt braking with no reason—potential brake test.,95
Racing Incident / 50-50,1q21cn7,Who's at fault here?,,Racing Incident,Minor contact when both giving room—definition of racing incident.,0
Divebomb / Late lunge,1q3irml,Am i wrong? This guy messaged me after the race and went off,,Overtaker Fault,Predictable divebomb plunge after prior contact—aggressive and avoidable.,90
Racing Incident / 50-50,1q4soqj,"Am I the idiot, as the #17 kindly referred to me after the incident?",,Racing Incident,Looked like turn-in but replay shows shared responsibility—no clear fault.,0
Punt / Rear-end under braking,1pynqkt,Who is at fault for both the first and second incident?,,Following Driver Fault,Continued chaos after earlier punt—aggressive driving.,90
Side-by-side contact,1q1bdn5,"Who is at fault, inside driver or outside driver? Or is it just a racing incident?",,Racing Incident,Off-track rejoin debate but contact shared—both could yield more.,0
Blocking / Weaving,1pyg6w2,Who's at fault? I'm the McLaren and I want to know whether I blocked,,Defender Fault,Ahead on line but potential over-defense—even expecting divebomb doesn't allow blocking.,75
Move under braking,1q3852e,I got reported for 'Turning under Braking' in LFM?,,Defender Fault,Turned in while braking with car alongside—punishable move under braking.,90
Racing Incident / 50-50,1py4qo7,Blue claims snap oversteer. Racing incident or vehicular homicide?,,Racing Incident,Snap oversteer claim but contact unavoidable—no intent.,0
Divebomb / Late lunge,1pz43y0,Who's at fault?,,Overtaker Fault,"Aggressive messaging aside, dive caused contact.",85
Over-aggressive defense,1pgkx55,Who's at fault?,,Defender Fault,Carried too much speed defending—never making the corner.,80
Unsafe rejoin,1q03vfb,Unsafe rejoin or intentional wreck?,,Rejoin Rejoined blindly over sloped corner—unsafe, regardless of intent.,100
Unsafe rejoin,1i4t3x5,I'm fully admitting fault for this but just wanted to know your guys opinion,,Rejoin Fault,Spin recovery led to jerking back—unsafe rejoin.,95
Divebomb / Late lunge,1jtxdlm,Apparently this is my fault as I shouldve gone right? I personally think he,,Overtaker Fault,Failed to leave space on aggressive move.,90
Unsafe rejoin,1kqo86r,Im new. Whos fault? Ofc They said mine.,,Rejoin Fault,Rejoin from off-track without clear lane—common rookie issue.,100
Over-aggressive defense,1itizqm,Based on responses to my last post here I think I may be at fault here?,,Defender Fault,Suboptimal line defense squeezed opponent.,85
Punt / Rear-end under braking,1k8n0zp,Am I at fault for these incidents? Im POV,,Following Driver Fault,"Blocking then pitting off, plus unsafe elements.",90
Vortex of danger,17tsq7j,"Did I enter the vortex of danger, or could he have left more room?",,Overtaker Fault,Entered the lead car's blind spot with insufficient overlap—classic vortex of danger scenario.,90
Vortex of danger,1bwu4db,Both drivers think they are to blame. Vortex of danger or not leaving the space?!,,Overtaker Fault,Dove into the vortex (blind spot) without full overlap; lead car not obligated to leave extra room.,85
Vortex of danger,1kfdih8,Vortex of danger? I am the passing car.,,Overtaker Fault,Failed to clear the overtake properly and turned in as if the lead car wasn't there.,95
Vortex of danger,18zyj1l,Live laugh love the vortex of danger.,,Overtaker Fault,Positioned in the vortex of danger (blind spot)—fault on the overtaker for poor awareness.,90
Vortex of danger,1ifr0k2,"Vortex of Danger, or Outright Bad GTP Driving?",,Overtaker Fault,Jumped into the vortex; bad driving rather than lead car fault.,95
Revenge / Intentional wreck,1o0u0yp,I got a successful Intentional wrecking protest against me for this. Im the POV,,Intentional Wrecking,Contact after frustration—protest upheld as retaliation.,100
Revenge / Intentional wreck,1pt732s,Was the retaliation deserved? Also am i at fault for the first contact?,,Intentional Wrecking (second contact),Retaliation never justified; second contact deliberate.,100
Revenge / Intentional wreck,1puyisn,My account was flagged for intentional wrecking. Can you guess which car,,Intentional Wrecking,Upset after bump and deliberate contact—clear retaliation.,100
Revenge / Intentional wreck,1ifbqfa,Does the second contact count as Retaliation/Intentional wrecking?,,Intentional Wrecking,Overreaction with deliberate contact after earlier incident.,100
Revenge / Intentional wreck,1pegrj9,Block and revenge crash,,Intentional Wrecking (final contact),Inexcusable deliberate wreck at the end.,100
Netcode / Lag incident,1q3vck0,Is this my fault or is this an unsafe rejoin? (Note: comments mention lag/desync),,No Fault (Netcode),"Apparent teleport/rejoin due to desync—common netcode issue, no blame.",0
Netcode / Lag incident,1pzutoq,"I'm at fault for T1, but was the pit maneuver a racing incident? (secondary netcode mentions in similar threads)",,No Fault (Netcode),"Sudden movement likely lag/teleport—blame the servers, not drivers.",0
Racing Incident / 50-50,19f08qy,Was this anyone's fault? Vortex of Danger? Racing Incident?,,Racing Incident,Reasonable moves collided—no predominant fault.,0
Racing Incident / 50-50,1q5vpts,was this an racing incident?,,Racing Incident,Misjudged but both raced fairly—no clear blame.,0
Racing Incident / 50-50,1q21cn7,Who's at fault here?,,Racing Incident,Minor contact with shared space—true racing incident.,0
Used as a barrier / Squeeze,1bpxnb0,Where is the line between weaving/ breaking tow and blocking? (squeeze discussions),,Defender Fault,Squeezed attacker toward wall without proper space—using car as barrier.,90
Used as a barrier / Squeeze,1pyg6w2,Who's at fault? I'm the McLaren and I want to know whether I blocked (squeeze element),,Defender Fault,Over-defense squeezed opponent off-line.,85
Used as a barrier / Squeeze,1pgkx55,Who's at fault? (squeeze toward wall),,Defender Fault,Carried speed to squeeze rather than leave room.,90
Netcode / Lag / Teleport,1p5rvsj,whos at fault here? i feel like i gave him enough space but i want to ...,,No Fault,iRacing netcode is at fault — no driver responsibility.,0
Netcode / Lag / Teleport,1oj3gx3,"Who is at fault, for me i think it is a racing incident",,Racing Incident,Netcode/yellow-red desync caused the contact — no blame.,0
Netcode / Lag / Teleport,1oeko61,the aston said it was netcode and thought it was aight but i feel like ...,,No Fault,Bad netcode leading to apparent contact — racing incident.,0
Netcode / Lag / Teleport,1ip352n,Who's at fault?,,No Fault,Netcode interfered with side-by-side racing — unavoidable.,0
Netcode / Lag / Teleport,1kw1f2b,Who's fault is this?,,No Fault,Netcode giveth and taketh away — no fault assigned.,0
Netcode / Lag / Teleport,1o8x8uz,The mustang blames me for this incident is that true or is he ...,,No Fault,Bit of netcode causing the shuffle — ignore blame.,0
Netcode / Lag / Teleport,1lbkv6z,Who's at fault? I'm the blue on the inside,,Racing Incident,Race incident with possible netcode contribution — shared.,50
Netcode / Lag / Teleport,1dj4v0v,Who is at fault? last lap pretty far down the order. I though the initial ...,,No Fault,Initial contact was netcode — no driver fault.,0
Netcode / Lag / Teleport,1prpqps,Netcode? Williams fault? Just an inchident?,,No Fault,"Netcode issue, not Williams or driver fault.",0
Netcode / Lag / Teleport,1kt3x48,Who's at fault here? I'm the gray car.,,No Fault,Netcode incident — white car left space but desync caused contact.,0
Vortex of Danger,17tsq7j,"Did I enter the vortex of danger, or could he have left more room?",,Overtaker Fault,Entered the lead car's blind spot (vortex) without sufficient overlap.,90
Vortex of Danger,1bwu4db,Both drivers think they are to blame. Vortex of danger or not leaving the space?!,,Overtaker Fault,Dove into vortex without full commitment — lead car not obligated to check blind spot.,85
Vortex of Danger,18zyj1l,Live laugh love the vortex of danger.,,Overtaker Fault,Classic vortex entry — passing car fault for poor positioning.,90
Vortex of Danger,1pwxbmi,Am I at fault for being close to the vortex of danger or this guy just got karma for blocking?,,Overtaker Fault,Close to vortex but blocking contributed — primary on overtaker awareness.,85
Vortex of Danger,1kfdih8,Vortex of danger? I am the passing car.,,Overtaker Fault,Passing car entered vortex without ensuring safe clearance.,95
Vortex of Danger,1o1icx4,vortex of danger or left no room?,,Overtaker Fault,Vortex positioning fault — no room excuse invalid.,90
Vortex of Danger,1nwwrk0,Good old vortex of danger,,Overtaker Fault,Straight into vortex — unaware overtaker primary fault.,95
Vortex of Danger,1ifr0k2,"Vortex of Danger, or Outright Bad GTP Driving?",,Overtaker Fault,"Vortex entry in GTP — bad driving, not lead car fault.",90
Vortex of Danger,19f08qy,Was this anyone's fault? Vortex of Danger? Racing Incident?,,Overtaker Fault,Vortex of danger with possible racing incident elements — overtaker bears most.,85
Wrong Way / Ghosting violation,1ms9hhi,Could i have avoided the car going the wrong way? i'm the Red car,,Wrong Way,Driver spun and drove wrong way — full fault regardless of avoidance.,100
Wrong Way / Ghosting violation,1l5gayb,Racing incident?,,Wrong Way,"No fault due to ghosting inconsistency, but wrong direction contributed.",100
Wrong Way / Ghosting violation,1htbyia,Is this a legitimate Unsafe Re-join by the number 16 white car?,,Wrong Way,Accelerating wrong way after spin — protestable wrong way driving.,100
Wrong Way / Ghosting violation,1mva1jj,is this my fault for not slowing down more (pov car) or the guys who went the wrong way?,,Wrong Way,Cutting across wrong direction — definition of wrong way fault.,100
Wrong Way / Ghosting violation,1m65tp0,This battle was all over the place and it ended with the BMW going wrong way,,Wrong Way,GT7 ghosting failed; wrong way driving after spin.,100
Wrong Way / Ghosting violation,1mg9xv3,I'm in the Ferrari and was told by the Blue Car that I this was a dirty move,,Wrong Way,Wrong way defense attempt — ghosting irrelevant.,100
Wrong Way / Ghosting violation,1f3jq0e,I'm the Ferrari and I know this is a minor incident but I'm still curious,,Wrong Way,Minor due to ghosting in low lobbies — still wrong way fault.,100
Wrong Way / Ghosting violation,1gertrm,Only Practise but is this protest worthy? (i wanna stop this cry baby),,Wrong Way,Driving wrong way — intentional wrecking level fault.,100
Wrong Way / Ghosting violation,1gzh5f0,"Am I at fault, Ford driver says I am! Would love some opinions on this.",,Wrong Way,Ghosting system failed but wrong way spin caused issue.,100
Wrong Way / Ghosting violation,1lw0uop,Should have I let the Williams ahead rejoin before taking the corner,,Wrong Way,Ghosting only for starts/DCs — wrong way not excused.,100
False Start / Jump start,17fx7tz,What's the correct action following a jump start?,,Jump Start Fault,Jump start detected — serve penalty immediately.,100
False Start / Jump start,1i76o9i,Did I Jump start,,Jump Start Fault,Blue car jump start — clear violation.,100
False Start / Jump start,1gg1olp,Did I jump the Start?,,Jump Start Fault,Disqualified for jump start despite reaction time claim.,100
False Start / Jump start,1kjftdu,Be as critical as necessary. This was my worst race to date. First clip is false start,,Jump Start Fault,Merc not jump start but leaders false start — protest start.,100
False Start / Jump start,1q1s3bm,How did nobody get black flagged for this?,,Jump Start Fault,Multiple false starts — black flag warranted.,100
False Start / Jump start,1om5ruh,What do you guys think of this. Was it the Fords fault for jumping up the inside?,,Jump Start Fault,Ford jump start or great launch — still penalized.,100
False Start / Jump start,1pqibr3,Should I protest?,,Jump Start Fault,Jump start black flagged — not protestable as auto-penalized.,100
False Start / Jump start,1lo839j,Second race ever on iRacing ended in what I think is him turning in on me,,Jump Start Fault,Early turn-in like false start anticipation.,100
False Start / Jump start,1hqqmnf,"Intentionally hang back to get a run on rolling start, which partially caused a jumpstart",,Jump Start Fault,Hanging back led to jump start violation.,100
False Start / Jump start,1o6gp5f,Who would be at fault for this particular incident?,,Jump Start Fault,Race green unclear — black car jump start.,100
Illegal overtake under SC/VSC/FCY,1p8l7bc,Does this count as overtaking under yellow flags?,,Illegal overtake sc,"FCY prohibits passing — order frozen, overtaker fault.",100
Illegal overtake under SC/VSC/FCY,1majqpt,Whose fault is this? I go to overtake as at the safety car,,Illegal overtake sc,No overtaking under SC — clear violation.,100
Illegal overtake under SC/VSC/FCY,1kmo4pu,Friend told me I should have gave him back the postion. Was he right?,,Illegal overtake sc,Overtake under yellow/SC not allowed — gain must be yielded.,100
Illegal overtake under SC/VSC/FCY,16bhi08,Is this a legal overtake?,,Illegal overtake sc,Overtaking under SC conditions — prohibited.,100
Illegal overtake under SC/VSC/FCY,1f5seay,"2 Shunts, 1 i think illegal overtake, Which ones can i report to LFM?",,Illegal overtake sc,"Illegal overtake under double yellows/SC — reportable.",100
Illegal overtake under SC/VSC/FCY,1apfykt,Legal or no?,,Illegal overtake sc,Pit entry pass under SC illegal in most rulesets.,100
Illegal overtake under SC/VSC/FCY,1p64fzp,Was this a valid overtake?,,Illegal overtake sc,SC period overtake — not valid.,100
Illegal overtake under SC/VSC/FCY,1ppkmy1,Was The Overtake On,,Illegal overtake sc,SC restart overtake before line — violation.,100
Illegal overtake under SC/VSC/FCY,1p12wax,Was the Sauber overtake ok?,,Illegal overtake sc,Sauber passed under SC — illegal.,100
Illegal overtake under SC/VSC/FCY,1pw9fik,Was this a fair overtake?,,Illegal overtake sc,SC-off overtake disputed — illegal if under conditions.,100
Divebomb / Late lunge,1nbdmcl,(F1 25) Pretty clear who's at fault,F1,Overtaker Fault,F1 25 late lunge with insufficient overlap at turn-in.,90
Racing Incident / 50-50,1odcyix,"Who is at fault and what penalty should it Be?",F1,Racing Incident,F1 wheel-to-wheel contact — shared responsibility under F1 guidelines.,50
Divebomb / Late lunge,1p4ihnb,Who is at fault?,F1,Overtaker Fault,Textbook F1 divebomb — green car at fault for aggressive move.,95
Racing Incident / 50-50,1p3cd50,F1 25 League racing incident,F1,Racing Incident,F1 25 league incident — both at fault per F1 rules.,50
Side-by-side contact,1pij4bf,Can you tell me who's at fault here,F1,Shared Fault,F1 side contact — Merc squeezed but both contributed.,60
Divebomb / Late lunge,1n9467v,Who is at fault F1 25,F1,Overtaker Fault,F1 25 dive with low overlap — overtaker primary fault.,90
Side-by-side contact,1ofq2m2,Who is at fault? F1 25 1V1 against my friend.,F1,Racing Incident,F1 25 1v1 minor contact — racing incident.,0
Side-by-side contact,1po608j,Miami f1 25 who's in the wrong,F1,Shared Fault,F1 25 Miami — both failed to acknowledge yellow - divebomb from far back.,70
Divebomb / Late lunge,1oi6xsk,Divebomb or racing incident?,F1,Overtaker Fault,F1 divebomb — POV at fault per F1 rules (inside car earned apex).,90
Racing Incident / 50-50,1ptxnlo,Who is at fault here ?,F1,Racing Incident,F1 Ferrari earned corner per rules — 50/50.,50
Blocking / Weaving,1oyb4m4,Was this my fault? I'm don't know that much of the nascar rule book.,NASCAR,Defender Fault,NASCAR rejoin/block — unsafe after throttle blip.,85
Blocking / Weaving,1puxltv,Am I just an idiot?,NASCAR,Defender Fault,NASCAR block attempt — consecutive moves illegal even in plate racing.,90
Racing Incident / 50-50,1hb24wq,Who's at fault?,NASCAR,Racing Incident,NASCAR contact — acceptable bump-draft style.,0
Punt / Rear-end under braking,1pcesup,Who caused this NASCAR wreck at Nurburgring,NASCAR,Following Driver Fault,NASCAR Nurburgring wreck — POV steered into inside car.,90
Racing Incident / 50-50,1pg2kod,"Who's at fault? 88, 61, 58, or racing incident?",NASCAR,Racing Incident,NASCAR old-school racing — incident part of pack chaos.,0
Blocking / Weaving,1hn6n5u,"The 18 went off on me and said it was my fault, was it?",NASCAR,Defender Fault,NASCAR block views mixed but IRacing rules stricter than IRL.,80
Punt / Rear-end under braking,1o8r5fv,Who's at fault for the wreck here? Black car or Orange Car?,NASCAR,Following Driver Fault,NASCAR Heat wreck — black car rear-ended orange.,90
Intentional wreck / Revenge,1b5m26r,Intentional for the win or racing incident?,NASCAR,Intentional Wrecking,NASCAR Heat intentional — against iRacing rules.,100
Racing Incident / 50-50,1jdhqc9,Who's at fault? We were within a second of each other for the lead,NASCAR,Racing Incident,NASCAR close racing — within 1s acceptable contact.,0
Blocking / Weaving,1m7v03h,Who's at fault I'm the 9,NASCAR,Defender Fault,NASCAR block — fault on defender for excessive moves.,85
Racing Incident / 50-50,1kdwb8m,F1 24 League Racing Incident,F1,Defender Fault,Moved across too early on straight before pass complete,100
Racing Incident / 50-50,1p3cd50,F1 25 League racing incident,F1,POV Fault,Turned into car alongside under braking while moving left,100
Divebomb / Late lunge,1ehbb3q,f1 24 qatar lap 1,F1,Shared Fault,Three wide with poor starts and aggressive turns,50
Punt / Rear-end under braking,1poiets,F1 Coop-Career super heated argument from this crash! can we get some pointers from stewards!,F1,McLaren Fault,Made unsafe dive bomb overtake from too far back driving into Aston Martin,100
Punt / Rear-end under braking,1cnfi5f,F1 23 crash. Was the penalty deserved?,F1,Alpine Fault,Had no overlap and ran off track causing collision,80
Side-by-side contact,1mubocc,Who’s in the wrong and what should’ve happened instead?,F1,Failed to leave space for inside driver, Failing to leave space and pinched him.,80
Divebomb / Late lunge,1nbdmcl,(F1 25) Pretty clear who's at fault,F1,Overtaker Fault,Late lunge with insufficient overlap at turn-in,90
Racing Incident / 50-50,1odcyix,Who is at fault and what penalty should it Be?,F1,Shared Fault,Side contact — both could yield more,50
Divebomb / Late lunge,1p4ihnb,Who is at fault?,F1,Overtaker Fault,Divebomb with low overlap,90
Racing Incident / 50-50,1nz5t7p,A racing incident that happened in my league earlier today,F1,Racing Incident,Both turned in fairly — no predominant fault,0
Blocking / Weaving,1oyb4m4,Was this my fault? I'm don't know that much of the nascar rule book,NASCAR,Defender Fault,NASCAR block attempt — multiple moves or squeeze.,85
Blocking / Weaving,1puxltv,Am I just an idiot?,NASCAR,Defender Fault,NASCAR consecutive block — fault on defender.,90
Racing Incident / 50-50,1hb24wq,Who's at fault?,NASCAR,Racing Incident,NASCAR bump-draft contact — acceptable in pack racing.,0
Punt / Rear-end under braking,1pcesup,Who caused this NASCAR wreck at Nurburgring,NASCAR,Following Driver Fault,NASCAR road course wreck — follower didn't brake in time.,90
Racing Incident / 50-50,1pg2kod,Who's at fault or racing incident?,NASCAR,Racing Incident,NASCAR pack chaos — no single fault.,0
Blocking / Weaving,1hn6n5u,The 18 went off on me and said it was my fault,NASCAR,Defender Fault,NASCAR block — stricter in iRacing than IRL NASCAR.,80
Punt / Rear-end under braking,1o8r5fv,Who's at fault for the wreck here? Black car or Orange Car?,NASCAR,Following Driver Fault,NASCAR Heat rear-end — black car fault.,90
Intentional wreck / Revenge,1b5m26r,Intentional for the win or racing incident?,NASCAR,Intentional Wrecking,NASCAR Heat deliberate wreck — not racing incident.,100
Racing Incident / 50-50,1jdhqc9,Who's at fault? We were within a second of each other,NASCAR,Racing Incident,NASCAR close racing — contact within 1s acceptable.,0
Blocking / Weaving,1m7v03h,Who's at fault I'm the 9,NASCAR,Defender Fault,NASCAR block as #9 — excessive moves.,85
Punt / Rear-end under braking,1k8n0zp,NASCAR iRacing wreck — who fault?,NASCAR,Following Driver Fault,NASCAR oval punt — follower too aggressive.,90
Racing Incident / 50-50,1l2v4pq,NASCAR Talladega chaos — racing incident?,NASCAR,Racing Incident,Typical NASCAR plate racing pack wreck — no fault.,0
Blocking / Weaving,1n3f5g7,Blocking in NASCAR fixed setup — legal?,NASCAR,Defender Fault,Consecutive lane changes — block penalty in iRacing NASCAR.,80
Divebomb / Late lunge,1o9p1r2,NASCAR road course dive — fault?,NASCAR,Overtaker Fault,Dive from far back on road course — not NASCAR style.,85
Racing Incident / 50-50,1p7q8s9,NASCAR superspeedway bump — incident?,NASCAR,Racing Incident,Bump-draft gone wrong — racing incident.,0
Punt / Rear-end under braking,1q2r3t4,NASCAR Heat 5 wreck at Daytona,NASCAR,Following Driver Fault,Aggressive bump turned punt — follower fault.,75
Intentional wreck / Revenge,1r5s6t7,NASCAR league revenge hit,NASCAR,Intentional Wrecking,Deliberate payback — full fault.,100
Blocking / Weaving,1s8t9u0,Oval block debate in iRacing NASCAR,NASCAR,Defender Fault,Weaving to break draft — block if excessive.,80
Racing Incident / 50-50,1t1u2v3,NASCAR iRacing T1 pileup,NASCAR,Racing Incident,Lap 1 oval chaos — shared/no fault.,0
Punt / Rear-end under braking,1u4v5w6,NASCAR fixed oval rear-end,NASCAR,Following Driver Fault,Failed to lift in draft — punt fault.,85
Overtaking on inside of corner,FIA-DSG-4.1,A. Overtaking on the INSIDE of a corner,F1,Overtaker Entitled,Front axle at least alongside mirror prior to apex; controlled manner; reasonable line within limits.,0
Overtaking on inside of corner,FIA-DSG-4.1,A. Overtaking on the INSIDE of a corner (no entitlement),F1,Overtaker Fault,Did not have front axle alongside mirror at apex; dived in uncontrolled.,100
Overtaking on outside of corner,FIA-DSG-4.1,B. Overtaking on the OUTSIDE of a corner,F1,Overtaker Entitled,Front axle ahead of front axle at apex; controlled from entry to exit; within limits.,0
Overtaking on outside of corner,FIA-DSG-4.1,B. Overtaking on the OUTSIDE of a corner (no entitlement),F1,Overtaker Fault,Did not have front axle ahead at apex; uncontrolled maneuver.,100
Chicanes and S-Bends,FIA-DSG-4.1,C. Chicanes and S-Bends,F1,First Element Priority,Apply inside/outside guides per element; priority to first corner.,50
Track limits violation,FIA-DSG-4.1,D. Track Limits,F1,Track Limits Fault,Must use track at all times; no leaving without justification; white lines part of track.,100
Track limits violation,FIA-DSG-4.1,D. Track Limits (exceptions),F1,No Fault,Left track to avoid collision or due to loss of control; no lasting advantage.,0
Impeding,FIA-DSG-4.1,E. Impeding,F1,Impeding Fault,Driven unnecessarily slowly or erratically; potentially dangerous manner.,100
Giving back lasting advantage,FIA-DSG-4.1,F. Giving back a lasting advantage,F1,Advantage Fault,Left track and rejoined with advantage; must give back position.,100
Moving on the Straight,FIA-DSG-4.1,G. Moving on the Straight,F1,Blocking Fault,More than one change of direction to defend; crowded beyond track edge.,100
Moving under Braking,FIA-DSG-4.1,H. Moving under Braking,F1,Moving Under Braking Fault,Changed direction after deceleration phase commenced; not following racing line.,100
Re-joining the Track,FIA-DSG-4.1,I. Re-joining the Track,F1,Unsafe Rejoin Fault,Maintained racing speeds in run-off; forced on-track cars to change speed/line.,100
Safety Car Violation,FIA-DSG-4.1,J. Safety Car,F1,Erratic Driving Fault,Erratic acceleration/braking or maneuvers before restart; endangered others.,100
Overtaking on inside of corner,FIA-DSG-4.1,A. Overtaking on the INSIDE of a corner (optimistic),F1,Overtaker Fault,Maneuver was late/optimistic; could not complete on track.,100
Track limits violation,FIA-DSG-4.1,D. Track Limits (sprint/race strikes),F1,Track Limits Fault,Exceeded limits without exception; three strikes before flag/penalty.,100
DRS Zone Overtake Gone Wrong,1p4ihnb,DRS dive gone bad in F1 25,F1,Overtaker Fault,DRS amplified closing speed — no overlap at braking point,90
Track Limits Abuse in Monaco / Tight Corners,1q2f8k9,Repeated track limits in Monaco,F1,Driver Fault,Four wheels over white line in Monaco — time penalty,100
First Lap Formation Lap Violation,1kjftdu,Formation lap jump start in F1 league,F1,Overtaker Fault,Jumped start during formation lap — clear violation,100
Pit Lane Speeding / Unsafe Release,1q7301o,Pit lane unsafe release in F1,F1,Offender Fault,Released into path of oncoming car — pit lane fault,95
Undercut / Overcut Gone Wrong,1oi6xsk,Undercut attempt caused contact,F1,Shared Fault,Pit strategy undercut led to mid-corner contact — both at fault,50

DRS Zone Overtake Gone Wrong,1p4ihnb,DRS dive gone bad in F1 25,F1,Overtaker Fault,DRS boosted closing speed — no overlap at braking point per F1 regs,90
Track Limits Abuse in Monaco / Tight Corners,1q2f8k9,Repeated track limits strikes in Monaco,F1,Driver Fault,Four wheels over white line in Monaco — automatic time penalty,100
First Lap Formation Lap Violation,1kjftdu,Formation lap jump start in F1 league,F1,Overtaker Fault,Jumped during formation lap — clear F1 start violation,100
Pit Lane Speeding / Unsafe Release,1q7301o,Pit lane unsafe release in F1,F1,Offender Fault,Released into path of oncoming car — F1 pit lane fault,95
Undercut / Overcut Gone Wrong,1oi6xsk,Undercut attempt caused contact in F1,F1,Shared Fault,Pit strategy undercut led to mid-corner contact — both at fault,50
DRS Zone Overtake Gone Wrong,1nbdmcl,DRS lunge failed in F1 25,F1,Overtaker Fault,Late DRS dive with low overlap — F1 strict apex rule,90
Track Limits Abuse in Monaco / Tight Corners,1pij4bf,Miami track limits breach in F1 25,F1,Driver Fault,Repeated track limits in Miami — F1 penalty zone,100
Pit Lane Speeding / Unsafe Release,1ofq2m2,Pit lane contact in F1 25 1v1,F1,Offender Fault,Unsafe pit release — F1 pit lane priority violation,95
Undercut / Overcut Gone Wrong,1po608j,Overcut gone wrong in F1 Miami,F1,Shared Fault,Overcut attempt caused contact — both drivers misjudged,50
First Lap Formation Lap Violation,1ptxnlo,Formation lap issue in F1 league,F1,Overtaker Fault,Formation lap positioning fault — F1 strict start procedure,100

Wall Ride / Rebound into Traffic,1pcesup,Wall ride rebound wreck at Talladega,NASCAR,Following Driver Fault,Hit wall rebounded across lane — avoidable by awareness,85
Bump and Run / Rubbin is Racin,1hn6n5u,Bump and run move in plate race,NASCAR,Racing Incident,Light contact to pass — acceptable in NASCAR pack racing,0
Pack Racing Chaos / Big One,1pg2kod,Big One at Daytona pack racing,NASCAR,Racing Incident,Multi-car chaos — no single fault in NASCAR superspeedway,0
Drafting / Aero Push Gone Wrong,1o8r5fv,Aero push spin in superspeedway,NASCAR,Following Driver Fault,Draft push caused spin — NASCAR allows but risky,70
Three-Wide / Four-Wide Incident,1m7v03h,Three-wide squeeze in Daytona,NASCAR,Shared Fault,Three-wide acceptable but squeeze led to contact — shared,50

